statpers,fpedats,curcode,meanest,medest,numest,stdev,highest,lowest,fpi
1987-01-15,1986-12-31,AUD,-0.01,-0.01,3.0,0.02,0.01,-0.029,1
1987-01-15,1987-12-31,AUD,-0.02,-0.02,2.0,0.042,0.01,-0.049,2
1987-02-19,1986-12-31,AUD,-0.01,-0.01,3.0,0.02,0.01,-0.029,1
1987-02-19,1987-12-31,AUD,-0.02,-0.02,2.0,0.042,0.01,-0.049,2
1987-03-19,1987-12-31,AUD,-0.02,-0.02,2.0,0.042,0.01,-0.049,2
1987-03-19,1986-12-31,AUD,-0.01,-0.01,3.0,0.02,0.01,-0.029,1
1987-04-16,1986-12-31,AUD,-0.01,-0.01,2.0,0.028,0.01,-0.029,1
1987-04-16,1987-12-31,AUD,-0.02,-0.02,2.0,0.042,0.01,-0.049,2
1987-05-14,1986-12-31,AUD,-0.01,-0.01,2.0,0.028,0.01,-0.029,1
1987-05-14,1987-12-31,AUD,-0.02,-0.02,2.0,0.042,0.01,-0.049,2
1987-06-18,1988-12-31,AUD,-0.049,-0.049,1.0,,-0.049,-0.049,2
1987-06-18,1987-12-31,AUD,-0.02,-0.02,2.0,0.042,0.01,-0.049,1
1987-07-16,1988-12-31,AUD,-0.049,-0.049,1.0,,-0.049,-0.049,2
1987-07-16,1987-12-31,AUD,-0.049,-0.049,1.0,,-0.049,-0.049,1
1987-08-20,1988-12-31,AUD,0.039,0.039,1.0,,0.039,0.039,2
1987-08-20,1987-12-31,AUD,0.029,0.029,1.0,,0.029,0.029,1
1987-09-17,1988-12-31,AUD,0.039,0.039,3.0,0.029,0.069,0.01,2
1987-09-17,1987-12-31,AUD,0.034,0.034,2.0,0.007,0.039,0.029,1
1987-10-15,1987-12-31,AUD,0.034,0.034,2.0,0.007,0.039,0.029,1
1987-10-15,1988-12-31,AUD,0.054,0.054,2.0,0.021,0.069,0.039,2
1987-11-19,1987-12-31,AUD,0.018,0.015,4.0,0.02,0.039,0.0,1
1987-11-19,1988-12-31,AUD,0.025,0.01,5.0,0.028,0.069,0.0,2
1987-12-17,1988-12-31,AUD,0.027,0.02,4.0,0.03,0.069,0.0,2
1987-12-17,1987-12-31,AUD,0.023,0.029,3.0,0.02,0.039,0.0,1
1988-01-14,1988-12-31,AUD,0.036,0.029,3.0,0.029,0.069,0.01,2
1988-01-14,1987-12-31,AUD,0.034,0.034,2.0,0.007,0.039,0.029,1
1988-02-18,1987-12-31,AUD,0.034,0.034,2.0,0.007,0.039,0.029,1
1988-02-18,1988-12-31,AUD,0.036,0.029,3.0,0.029,0.069,0.01,2
1988-03-17,1987-12-31,AUD,0.066,0.073,4.0,0.02,0.08,0.039,1
1988-03-17,1988-12-31,AUD,0.066,0.068,4.0,0.024,0.095,0.034,2
1988-04-14,1988-12-31,AUD,0.067,0.069,3.0,0.03,0.095,0.034,2
1988-04-14,1987-12-31,AUD,0.075,0.079,3.0,0.01,0.08,0.063,1
1988-05-19,1989-12-31,AUD,0.105,0.11,3.0,0.024,0.126,0.078,2
1988-05-19,1988-12-31,AUD,0.083,0.084,4.0,0.012,0.095,0.069,1
1988-06-16,1988-12-31,AUD,0.086,0.088,5.0,0.012,0.096,0.069,1
1988-06-16,1989-12-31,AUD,0.11,0.11,4.0,0.014,0.126,0.092,2
1988-07-14,1988-12-31,AUD,0.086,0.088,5.0,0.012,0.096,0.069,1
1988-07-14,1989-12-31,AUD,0.11,0.11,4.0,0.014,0.126,0.092,2
1988-08-18,1988-12-31,AUD,0.086,0.088,5.0,0.012,0.096,0.069,1
1988-08-18,1989-12-31,AUD,0.11,0.11,4.0,0.014,0.126,0.092,2
1988-09-15,1988-12-31,AUD,0.087,0.088,4.0,0.016,0.104,0.069,1
1988-09-15,1989-12-31,AUD,0.111,0.109,4.0,0.012,0.126,0.098,2
1988-10-20,1989-12-31,AUD,0.108,0.109,4.0,0.015,0.126,0.089,2
1988-10-20,1988-12-31,AUD,0.112,0.092,4.0,0.056,0.192,0.069,1
1988-11-17,1988-12-31,AUD,0.127,0.104,5.0,0.06,0.192,0.069,1
1988-11-17,1989-12-31,AUD,0.13,0.11,5.0,0.052,0.221,0.089,2
1988-12-15,1989-12-31,AUD,0.13,0.11,5.0,0.052,0.221,0.089,2
1988-12-15,1988-12-31,AUD,0.127,0.104,5.0,0.06,0.192,0.069,1
1989-01-19,1988-12-31,AUD,0.112,0.092,4.0,0.056,0.192,0.069,1
1989-01-19,1989-12-31,AUD,0.108,0.109,4.0,0.015,0.126,0.089,2
1989-02-16,1988-12-31,AUD,0.107,0.092,4.0,0.047,0.175,0.069,1
1989-02-16,1989-12-31,AUD,0.1,0.099,4.0,0.018,0.126,0.08,2
1989-03-16,1988-12-31,AUD,0.125,0.092,4.0,0.081,0.246,0.069,1
1989-03-16,1989-12-31,AUD,0.1,0.099,4.0,0.018,0.126,0.08,2
1989-04-20,1990-12-31,AUD,0.144,0.147,3.0,0.04,0.183,0.103,2
1989-04-20,1989-12-31,AUD,0.086,0.088,3.0,0.005,0.089,0.08,1
1989-05-18,1990-12-31,AUD,0.153,0.165,4.0,0.041,0.185,0.097,2
1989-05-18,1989-12-31,AUD,0.087,0.088,4.0,0.005,0.092,0.08,1
1989-06-15,1989-12-31,AUD,0.087,0.088,4.0,0.005,0.092,0.08,1
1989-06-15,1990-12-31,AUD,0.153,0.165,4.0,0.041,0.185,0.097,2
1989-07-20,1989-12-31,AUD,0.076,0.084,4.0,0.02,0.089,0.047,1
1989-07-20,1990-12-31,AUD,0.133,0.137,4.0,0.044,0.183,0.076,2
1989-08-17,1989-12-31,AUD,0.076,0.084,4.0,0.02,0.089,0.047,1
1989-08-17,1990-12-31,AUD,0.133,0.137,4.0,0.044,0.183,0.076,2
1989-09-14,1990-12-31,AUD,0.145,0.147,5.0,0.046,0.191,0.076,2
1989-09-14,1989-12-31,AUD,0.074,0.08,5.0,0.018,0.089,0.047,1
1989-10-19,1989-12-31,AUD,0.039,0.033,4.0,0.017,0.064,0.026,1
1989-10-19,1990-12-31,AUD,0.089,0.076,6.0,0.057,0.191,0.041,2
1989-11-16,1989-12-31,AUD,0.037,0.035,4.0,0.012,0.054,0.026,1
1989-11-16,1990-12-31,AUD,0.064,0.05,6.0,0.03,0.108,0.036,2
1989-12-14,1989-12-31,AUD,0.039,0.038,4.0,0.013,0.054,0.026,1
1989-12-14,1990-12-31,AUD,0.061,0.044,7.0,0.029,0.108,0.036,2
1990-01-18,1990-12-31,AUD,0.061,0.044,7.0,0.03,0.108,0.036,2
1990-01-18,1989-12-31,AUD,0.039,0.038,4.0,0.013,0.054,0.026,1
1990-02-15,1989-12-31,AUD,0.041,0.038,5.0,0.012,0.054,0.026,1
1990-02-15,1990-12-31,AUD,0.061,0.043,8.0,0.029,0.108,0.036,2
1990-03-15,1989-12-31,AUD,0.042,0.044,6.0,0.012,0.054,0.026,1
1990-03-15,1990-12-31,AUD,0.063,0.044,9.0,0.029,0.108,0.036,2
1990-04-19,1991-12-31,AUD,0.127,0.132,7.0,0.048,0.186,0.051,2
1990-04-19,1990-12-31,AUD,0.073,0.069,8.0,0.032,0.111,0.019,1
1990-05-17,1991-12-31,AUD,0.124,0.121,8.0,0.046,0.186,0.051,2
1990-05-17,1990-12-31,AUD,0.071,0.068,9.0,0.03,0.111,0.019,1
1990-06-14,1990-12-31,AUD,0.062,0.066,9.0,0.019,0.093,0.019,1
1990-06-14,1991-12-31,AUD,0.107,0.102,10.0,0.035,0.177,0.051,2
1990-07-19,1991-12-31,AUD,0.108,0.098,10.0,0.034,0.177,0.061,2
1990-07-19,1990-12-31,AUD,0.065,0.066,9.0,0.016,0.093,0.035,1
1990-08-16,1990-12-31,AUD,0.065,0.064,7.0,0.016,0.093,0.04,1
1990-08-16,1991-12-31,AUD,0.098,0.088,9.0,0.041,0.177,0.048,2
1990-09-20,1990-12-31,AUD,0.061,0.065,9.0,0.025,0.087,0.007,1
1990-09-20,1991-12-31,AUD,0.101,0.088,10.0,0.048,0.206,0.045,2
1990-10-18,1991-12-31,AUD,0.109,0.108,9.0,0.045,0.167,0.045,2
1990-10-18,1990-12-31,AUD,0.06,0.066,8.0,0.026,0.088,0.007,1
1990-11-15,1991-12-31,AUD,0.125,0.135,9.0,0.03,0.167,0.088,2
1990-11-15,1990-12-31,AUD,0.069,0.067,9.0,0.042,0.143,-0.02,1
1990-12-20,1991-12-31,AUD,0.133,0.139,8.0,0.037,0.2,0.088,2
1990-12-20,1990-12-31,AUD,0.07,0.073,8.0,0.045,0.143,-0.02,1
1991-01-17,1991-12-31,AUD,0.133,0.139,8.0,0.037,0.2,0.088,2
1991-01-17,1990-12-31,AUD,0.07,0.071,8.0,0.045,0.143,-0.02,1
1991-02-14,1990-12-31,AUD,0.076,0.071,8.0,0.033,0.143,0.028,1
1991-02-14,1991-12-31,AUD,0.117,0.122,8.0,0.033,0.15,0.067,2
1991-03-14,1991-12-31,AUD,0.115,0.108,7.0,0.054,0.195,0.035,2
1991-03-14,1990-12-31,AUD,0.084,0.076,7.0,0.041,0.165,0.028,1
1991-04-18,1991-12-31,AUD,0.121,0.106,8.0,0.043,0.195,0.067,1
1991-04-18,1992-12-31,AUD,0.143,0.126,7.0,0.064,0.235,0.066,2
1991-05-16,1992-12-31,AUD,0.155,0.142,8.0,0.049,0.235,0.088,2
1991-05-16,1991-12-31,AUD,0.122,0.109,8.0,0.03,0.162,0.084,1
1991-06-20,1991-12-31,AUD,0.122,0.12,10.0,0.032,0.162,0.067,1
1991-06-20,1992-12-31,AUD,0.15,0.142,10.0,0.057,0.235,0.069,2
1991-07-18,1992-12-31,AUD,0.156,0.156,12.0,0.053,0.235,0.069,2
1991-07-18,1991-12-31,AUD,0.127,0.132,12.0,0.032,0.175,0.067,1
1991-08-15,1991-12-31,AUD,0.127,0.132,13.0,0.027,0.162,0.067,1
1991-08-15,1992-12-31,AUD,0.14,0.146,13.0,0.058,0.224,0.065,2
1991-09-19,1991-12-31,AUD,0.134,0.141,13.0,0.025,0.157,0.067,1
1991-09-19,1992-12-31,AUD,0.135,0.139,13.0,0.048,0.235,0.065,2
1991-10-17,1992-12-31,AUD,0.135,0.139,13.0,0.049,0.235,0.053,2
1991-10-17,1991-12-31,AUD,0.142,0.15,13.0,0.027,0.174,0.067,1
1991-11-14,1991-12-31,AUD,0.162,0.161,12.0,0.016,0.185,0.129,1
1991-11-14,1992-12-31,AUD,0.148,0.147,12.0,0.033,0.222,0.098,2
1991-12-19,1991-12-31,AUD,0.166,0.166,12.0,0.011,0.185,0.147,1
1991-12-19,1992-12-31,AUD,0.146,0.144,12.0,0.037,0.209,0.077,2
1992-01-16,1992-12-31,AUD,0.141,0.144,12.0,0.031,0.179,0.077,2
1992-01-16,1991-12-31,AUD,0.167,0.166,12.0,0.013,0.189,0.147,1
1992-02-20,1991-12-31,AUD,0.167,0.167,13.0,0.011,0.189,0.147,1
1992-02-20,1992-12-31,AUD,0.15,0.153,13.0,0.024,0.179,0.098,2
1992-03-19,1991-12-31,AUD,0.172,0.171,13.0,0.014,0.201,0.147,1
1992-03-19,1992-12-31,AUD,0.15,0.153,13.0,0.032,0.223,0.102,2
1992-04-16,1992-12-31,AUD,0.147,0.151,13.0,0.032,0.223,0.107,2
1992-04-16,1991-12-31,AUD,0.174,0.172,13.0,0.009,0.201,0.167,1
1992-05-14,1992-12-31,AUD,0.138,0.146,12.0,0.03,0.177,0.075,1
1992-05-14,1993-12-31,AUD,0.216,0.208,12.0,0.081,0.354,0.106,2
1992-06-18,1992-12-31,AUD,0.134,0.13,12.0,0.028,0.17,0.075,1
1992-06-18,1993-12-31,AUD,0.175,0.161,12.0,0.062,0.324,0.106,2
1992-07-16,1992-12-31,AUD,0.129,0.127,12.0,0.029,0.17,0.075,1
1992-07-16,1993-12-31,AUD,0.175,0.154,12.0,0.061,0.324,0.119,2
1992-08-20,1993-12-31,AUD,0.175,0.153,13.0,0.059,0.324,0.119,2
1992-08-20,1992-12-31,AUD,0.127,0.13,13.0,0.027,0.17,0.075,1
1992-09-17,1992-12-31,AUD,0.119,0.112,13.0,0.024,0.162,0.086,1
1992-09-17,1993-12-31,AUD,0.171,0.153,13.0,0.06,0.324,0.088,2
1992-10-15,1993-12-31,AUD,0.169,0.153,13.0,0.059,0.324,0.078,2
1992-10-15,1992-12-31,AUD,0.118,0.112,13.0,0.023,0.162,0.088,1
1992-11-19,1993-12-31,AUD,0.164,0.152,13.0,0.06,0.324,0.078,2
1992-11-19,1992-12-31,AUD,0.111,0.11,13.0,0.008,0.124,0.098,1
1992-12-17,1992-12-31,AUD,0.109,0.11,14.0,0.006,0.119,0.098,1
1992-12-17,1993-12-31,AUD,0.143,0.147,14.0,0.02,0.164,0.078,2
1993-01-14,1993-12-31,AUD,0.146,0.146,13.0,0.009,0.16,0.127,2
1993-01-14,1992-12-31,AUD,0.108,0.108,14.0,0.007,0.119,0.097,1
1993-02-18,1992-12-31,AUD,0.108,0.108,13.0,0.006,0.119,0.099,1
1993-02-18,1993-12-31,AUD,0.139,0.142,13.0,0.012,0.16,0.118,2
1993-03-18,1994-12-31,AUD,0.195,0.195,11.0,0.031,0.229,0.129,2
1993-03-18,1993-12-31,AUD,0.119,0.116,13.0,0.018,0.147,0.092,1
1993-04-15,1994-12-31,AUD,0.183,0.193,11.0,0.042,0.229,0.118,2
1993-04-15,1993-12-31,AUD,0.12,0.117,13.0,0.02,0.147,0.09,1
1993-05-20,1993-12-31,AUD,0.109,0.106,14.0,0.015,0.147,0.085,1
1993-05-20,1994-12-31,AUD,0.157,0.15,13.0,0.036,0.214,0.108,2
1993-06-17,1994-12-31,AUD,0.148,0.15,15.0,0.03,0.213,0.108,2
1993-06-17,1993-12-31,AUD,0.108,0.105,15.0,0.015,0.147,0.085,1
1993-07-15,1993-12-31,AUD,0.109,0.106,15.0,0.016,0.147,0.088,1
1993-07-15,1994-12-31,AUD,0.148,0.148,15.0,0.032,0.213,0.098,2
1993-08-19,1994-12-31,AUD,0.14,0.138,15.0,0.026,0.213,0.11,2
1993-08-19,1993-12-31,AUD,0.108,0.102,15.0,0.017,0.147,0.088,1
1993-09-16,1993-12-31,AUD,0.115,0.113,15.0,0.018,0.147,0.078,1
1993-09-16,1994-12-31,AUD,0.139,0.131,15.0,0.026,0.213,0.098,2
1993-10-14,1994-12-31,AUD,0.137,0.134,15.0,0.028,0.213,0.095,2
1993-10-14,1993-12-31,AUD,0.116,0.119,15.0,0.018,0.147,0.078,1
1993-11-18,1994-12-31,AUD,0.133,0.134,15.0,0.016,0.156,0.098,2
1993-11-18,1993-12-31,AUD,0.122,0.124,15.0,0.015,0.147,0.093,1
1993-12-16,1993-12-31,AUD,0.124,0.127,15.0,0.012,0.147,0.103,1
1993-12-16,1994-12-31,AUD,0.129,0.133,15.0,0.016,0.153,0.098,2
1994-01-20,1993-12-31,AUD,0.123,0.124,17.0,0.012,0.147,0.102,1
1994-01-20,1994-12-31,AUD,0.12,0.122,17.0,0.018,0.147,0.086,2
1994-02-17,1993-12-31,AUD,0.121,0.124,17.0,0.013,0.147,0.099,1
1994-02-17,1994-12-31,AUD,0.11,0.114,17.0,0.022,0.144,0.059,2
1994-03-17,1994-12-31,AUD,0.107,0.106,17.0,0.025,0.144,0.059,1
1994-03-17,1995-12-31,AUD,0.174,0.18,14.0,0.052,0.254,0.069,2
1994-04-14,1994-12-31,AUD,0.103,0.102,16.0,0.029,0.144,0.059,1
1994-04-14,1995-12-31,AUD,0.169,0.183,14.0,0.055,0.238,0.049,2
1994-05-19,1995-12-31,AUD,0.178,0.186,14.0,0.048,0.238,0.049,2
1994-05-19,1994-12-31,AUD,0.1,0.098,16.0,0.026,0.144,0.059,1
1994-06-16,1994-12-31,AUD,0.096,0.09,13.0,0.02,0.144,0.072,1
1994-06-16,1995-12-31,AUD,0.177,0.179,12.0,0.02,0.207,0.135,2
1994-07-14,1995-12-31,AUD,0.184,0.185,15.0,0.029,0.238,0.135,2
1994-07-14,1994-12-31,AUD,0.099,0.095,16.0,0.023,0.144,0.059,1
1994-08-18,1994-12-31,AUD,0.101,0.1,14.0,0.016,0.14,0.08,1
1994-08-18,1995-12-31,AUD,0.196,0.188,14.0,0.025,0.249,0.164,2
1994-09-15,1995-12-31,AUD,0.19,0.188,15.0,0.024,0.251,0.152,2
1994-09-15,1994-12-31,AUD,0.1,0.099,15.0,0.012,0.119,0.076,1
1994-10-20,1994-12-31,AUD,0.103,0.1,15.0,0.01,0.119,0.087,1
1994-10-20,1995-12-31,AUD,0.189,0.188,15.0,0.026,0.249,0.135,2
1994-11-17,1995-12-31,AUD,0.192,0.188,15.0,0.022,0.247,0.158,2
1994-11-17,1994-12-31,AUD,0.108,0.109,15.0,0.009,0.127,0.091,1
1994-12-15,1994-12-31,AUD,0.109,0.11,15.0,0.009,0.124,0.094,1
1994-12-15,1995-12-31,AUD,0.193,0.193,15.0,0.016,0.22,0.166,2
1995-01-19,1995-12-31,AUD,0.19,0.187,15.0,0.019,0.22,0.15,2
1995-01-19,1994-12-31,AUD,0.109,0.11,15.0,0.009,0.124,0.094,1
1995-02-16,1994-12-31,AUD,0.11,0.112,15.0,0.01,0.127,0.094,1
1995-02-16,1995-12-31,AUD,0.189,0.187,15.0,0.022,0.22,0.15,2
1995-03-16,1995-12-31,AUD,0.192,0.189,15.0,0.021,0.227,0.154,1
1995-03-16,1996-12-31,AUD,0.352,0.342,13.0,0.061,0.501,0.265,2
1995-04-20,1996-12-31,AUD,0.348,0.352,13.0,0.045,0.455,0.265,2
1995-04-20,1995-12-31,AUD,0.196,0.192,15.0,0.017,0.233,0.174,1
1995-05-18,1996-12-31,AUD,0.349,0.345,11.0,0.044,0.455,0.286,2
1995-05-18,1995-12-31,AUD,0.198,0.192,13.0,0.019,0.233,0.177,1
1995-06-15,1995-12-31,AUD,0.2,0.192,13.0,0.017,0.227,0.177,1
1995-06-15,1996-12-31,AUD,0.347,0.35,12.0,0.022,0.377,0.301,2
1995-07-20,1996-12-31,AUD,0.344,0.348,13.0,0.029,0.375,0.274,2
1995-07-20,1995-12-31,AUD,0.212,0.204,15.0,0.029,0.284,0.184,1
1995-08-17,1996-12-31,AUD,0.343,0.348,13.0,0.032,0.407,0.274,2
1995-08-17,1995-12-31,AUD,0.215,0.213,15.0,0.027,0.284,0.185,1
1995-09-14,1995-12-31,AUD,0.211,0.209,14.0,0.024,0.284,0.181,1
1995-09-14,1996-12-31,AUD,0.345,0.348,13.0,0.044,0.426,0.26,2
1995-10-19,1995-12-31,AUD,0.208,0.207,14.0,0.017,0.253,0.181,1
1995-10-19,1996-12-31,AUD,0.343,0.348,13.0,0.044,0.426,0.26,2
1995-11-16,1996-12-31,AUD,0.341,0.339,13.0,0.041,0.408,0.242,2
1995-11-16,1995-12-31,AUD,0.202,0.201,13.0,0.024,0.253,0.146,1
1995-12-14,1996-12-31,AUD,0.34,0.339,14.0,0.032,0.393,0.265,2
1995-12-14,1995-12-31,AUD,0.203,0.2,14.0,0.013,0.233,0.185,1
1996-01-18,1996-12-31,AUD,0.34,0.339,14.0,0.032,0.393,0.265,2
1996-01-18,1995-12-31,AUD,0.202,0.2,14.0,0.014,0.233,0.184,1
1996-02-15,1995-12-31,AUD,0.195,0.195,13.0,0.013,0.218,0.177,1
1996-02-15,1996-12-31,AUD,0.332,0.339,13.0,0.036,0.386,0.255,2
1996-03-14,1996-12-31,AUD,0.317,0.327,10.0,0.031,0.35,0.255,1
1996-03-14,1997-12-31,AUD,0.369,0.373,10.0,0.031,0.403,0.3,2
1996-04-18,1997-12-31,AUD,0.373,0.379,11.0,0.033,0.431,0.304,2
1996-04-18,1996-12-31,AUD,0.319,0.334,11.0,0.033,0.365,0.255,1
1996-05-16,1997-12-31,AUD,0.373,0.369,11.0,0.039,0.431,0.304,2
1996-05-16,1996-12-31,AUD,0.319,0.325,11.0,0.034,0.365,0.255,1
1996-06-20,1997-12-31,AUD,0.364,0.368,11.0,0.035,0.431,0.304,2
1996-06-20,1996-12-31,AUD,0.318,0.33,11.0,0.03,0.358,0.255,1
1996-07-18,1997-12-31,AUD,0.364,0.375,11.0,0.028,0.4,0.304,2
1996-07-18,1996-12-31,AUD,0.313,0.324,11.0,0.028,0.342,0.255,1
1996-08-15,1996-12-31,AUD,0.307,0.319,10.0,0.033,0.34,0.23,1
1996-08-15,1997-12-31,AUD,0.361,0.364,10.0,0.032,0.4,0.295,2
1996-09-19,1997-12-31,AUD,0.366,0.367,10.0,0.023,0.4,0.333,2
1996-09-19,1996-12-31,AUD,0.299,0.305,10.0,0.026,0.324,0.23,1
1996-10-17,1996-12-31,AUD,0.307,0.309,10.0,0.013,0.324,0.287,1
1996-10-17,1997-12-31,AUD,0.37,0.364,10.0,0.02,0.4,0.345,2
1996-11-14,1997-12-31,AUD,0.379,0.376,10.0,0.019,0.408,0.347,2
1996-11-14,1996-12-31,AUD,0.303,0.303,10.0,0.015,0.324,0.284,1
1996-12-19,1997-12-31,AUD,0.379,0.378,10.0,0.019,0.41,0.347,2
1996-12-19,1996-12-31,AUD,0.307,0.307,10.0,0.019,0.343,0.284,1
1997-01-16,1997-12-31,AUD,0.381,0.378,10.0,0.022,0.415,0.347,2
1997-01-16,1996-12-31,AUD,0.303,0.297,10.0,0.018,0.343,0.287,1
1997-02-20,1996-12-31,AUD,0.293,0.294,11.0,0.013,0.319,0.272,1
1997-02-20,1997-12-31,AUD,0.384,0.378,11.0,0.025,0.422,0.349,2
1997-03-20,1996-12-31,AUD,0.28,0.288,12.0,0.025,0.3,0.206,1
1997-03-20,1997-12-31,AUD,0.387,0.389,12.0,0.02,0.422,0.361,2
1997-04-17,1998-12-31,AUD,0.429,0.431,10.0,0.04,0.488,0.381,2
1997-04-17,1997-12-31,AUD,0.372,0.368,12.0,0.026,0.422,0.336,1
1997-05-15,1998-12-31,AUD,0.412,0.406,11.0,0.053,0.488,0.314,2
1997-05-15,1997-12-31,AUD,0.362,0.359,12.0,0.035,0.422,0.294,1
1997-06-19,1997-12-31,AUD,0.354,0.357,14.0,0.032,0.422,0.294,1
1997-06-19,1998-12-31,AUD,0.4,0.381,14.0,0.053,0.488,0.314,2
1997-07-17,1998-12-31,AUD,0.396,0.381,14.0,0.053,0.488,0.314,2
1997-07-17,1997-12-31,AUD,0.351,0.357,14.0,0.026,0.385,0.294,1
1997-08-14,1997-12-31,AUD,0.351,0.358,14.0,0.023,0.382,0.294,1
1997-08-14,1998-12-31,AUD,0.392,0.385,14.0,0.05,0.488,0.314,2
1997-09-18,1998-12-31,AUD,0.402,0.388,15.0,0.049,0.488,0.314,2
1997-09-18,1997-12-31,AUD,0.373,0.371,15.0,0.03,0.41,0.314,1
1997-10-16,1997-12-31,AUD,0.387,0.399,14.0,0.034,0.432,0.314,1
1997-10-16,1998-12-31,AUD,0.402,0.387,14.0,0.052,0.5,0.314,2
1997-11-20,1997-12-31,AUD,0.404,0.409,16.0,0.024,0.428,0.324,1
1997-11-20,1998-12-31,AUD,0.42,0.413,16.0,0.052,0.5,0.314,2
1997-12-18,1998-12-31,AUD,0.448,0.447,15.0,0.052,0.569,0.358,2
1997-12-18,1997-12-31,AUD,0.41,0.41,15.0,0.012,0.434,0.384,1
1998-01-15,1998-12-31,AUD,0.444,0.447,15.0,0.057,0.569,0.358,2
1998-01-15,1997-12-31,AUD,0.41,0.412,15.0,0.008,0.422,0.397,1
1998-02-19,1997-12-31,AUD,0.411,0.41,15.0,0.007,0.426,0.401,1
1998-02-19,1998-12-31,AUD,0.443,0.42,15.0,0.063,0.569,0.369,2
1998-03-19,1998-12-31,AUD,0.431,0.411,14.0,0.058,0.569,0.372,1
1998-03-19,1999-12-31,AUD,0.558,0.515,13.0,0.164,0.991,0.419,2
1998-04-16,1999-12-31,AUD,0.446,0.439,14.0,0.051,0.551,0.373,2
1998-04-16,1998-12-31,AUD,0.401,0.385,17.0,0.063,0.569,0.343,1
1998-05-14,1999-12-31,AUD,0.436,0.424,14.0,0.049,0.551,0.373,2
1998-05-14,1998-12-31,AUD,0.393,0.382,16.0,0.046,0.53,0.343,1
1998-06-18,1999-12-31,AUD,0.44,0.442,14.0,0.044,0.551,0.376,2
1998-06-18,1998-12-31,AUD,0.391,0.4,15.0,0.031,0.435,0.343,1
1998-07-16,1999-12-31,AUD,0.448,0.444,13.0,0.057,0.551,0.338,2
1998-07-16,1998-12-31,AUD,0.397,0.4,13.0,0.032,0.447,0.347,1
1998-08-20,1998-12-31,AUD,0.392,0.398,15.0,0.028,0.434,0.351,1
1998-08-20,1999-12-31,AUD,0.443,0.445,15.0,0.056,0.536,0.329,2
1998-09-17,1998-12-31,AUD,0.39,0.399,15.0,0.032,0.435,0.336,1
1998-09-17,1999-12-31,AUD,0.424,0.432,15.0,0.064,0.536,0.32,2
1998-10-15,1998-12-31,AUD,0.39,0.394,16.0,0.027,0.435,0.353,1
1998-10-15,1999-12-31,AUD,0.432,0.434,16.0,0.054,0.547,0.354,2
1998-11-19,1999-12-31,AUD,0.435,0.434,16.0,0.045,0.51,0.372,2
1998-11-19,1998-12-31,AUD,0.397,0.402,16.0,0.024,0.436,0.353,1
1998-12-17,1998-12-31,AUD,0.398,0.402,16.0,0.033,0.45,0.337,1
1998-12-17,1999-12-31,AUD,0.413,0.416,16.0,0.057,0.509,0.302,2
1999-01-14,1999-12-31,AUD,0.407,0.395,16.0,0.048,0.5,0.335,2
1999-01-14,1998-12-31,AUD,0.391,0.397,16.0,0.029,0.432,0.333,1
1999-02-18,1999-12-31,AUD,0.414,0.411,17.0,0.066,0.635,0.306,2
1999-02-18,1998-12-31,AUD,0.406,0.418,17.0,0.031,0.45,0.343,1
1999-03-18,2000-12-31,AUD,0.64,0.624,13.0,0.107,0.822,0.51,2
1999-03-18,1999-12-31,AUD,0.406,0.416,15.0,0.046,0.485,0.325,1
1999-04-15,1999-12-31,AUD,0.42,0.42,17.0,0.039,0.485,0.345,1
1999-04-15,2000-12-31,AUD,0.661,0.661,17.0,0.094,0.809,0.515,2
1999-05-20,2000-12-31,AUD,0.676,0.677,17.0,0.099,0.823,0.515,2
1999-05-20,1999-12-31,AUD,0.43,0.444,17.0,0.033,0.485,0.367,1
1999-06-17,2000-12-31,AUD,0.68,0.677,17.0,0.099,0.825,0.515,2
1999-06-17,1999-12-31,AUD,0.435,0.446,17.0,0.034,0.485,0.366,1
1999-07-15,1999-12-31,AUD,0.438,0.442,17.0,0.041,0.492,0.35,1
1999-07-15,2000-12-31,AUD,0.677,0.657,17.0,0.108,0.825,0.515,2
1999-08-19,1999-12-31,AUD,0.447,0.459,16.0,0.033,0.496,0.386,1
1999-08-19,2000-12-31,AUD,0.723,0.729,16.0,0.094,0.849,0.515,2
1999-09-16,2000-12-31,AUD,0.772,0.795,17.0,0.106,0.953,0.582,2
1999-09-16,1999-12-31,AUD,0.477,0.469,17.0,0.068,0.707,0.386,1
1999-10-14,2000-12-31,AUD,0.805,0.806,17.0,0.109,0.987,0.582,2
1999-10-14,1999-12-31,AUD,0.486,0.484,17.0,0.071,0.73,0.386,1
1999-11-18,1999-12-31,AUD,0.473,0.474,16.0,0.025,0.532,0.44,1
1999-11-18,2000-12-31,AUD,0.818,0.813,16.0,0.077,0.971,0.69,2
1999-12-16,1999-12-31,AUD,0.469,0.472,16.0,0.02,0.507,0.437,1
1999-12-16,2000-12-31,AUD,0.826,0.823,16.0,0.072,0.931,0.69,2
2000-01-20,2000-12-31,AUD,0.859,0.845,16.0,0.068,1.014,0.758,2
2000-01-20,1999-12-31,AUD,0.474,0.477,16.0,0.02,0.502,0.44,1
2000-02-17,2001-12-31,AUD,0.8,0.803,15.0,0.084,0.948,0.65,2
2000-02-17,2000-12-31,AUD,0.889,0.907,17.0,0.072,1.005,0.769,1
2000-03-16,2000-12-31,AUD,0.904,0.88,16.0,0.091,1.153,0.782,1
2000-03-16,2001-12-31,AUD,0.802,0.819,15.0,0.075,0.944,0.659,2
2000-04-20,2001-12-31,AUD,0.859,0.846,16.0,0.084,0.994,0.658,2
2000-04-20,2000-12-31,AUD,0.963,0.907,17.0,0.134,1.256,0.81,1
2000-05-18,2000-12-31,AUD,0.976,0.972,16.0,0.136,1.321,0.81,1
2000-05-18,2001-12-31,AUD,0.863,0.865,15.0,0.075,0.969,0.658,2
2000-06-15,2000-12-31,AUD,1.029,1.011,16.0,0.153,1.321,0.81,1
2000-06-15,2001-12-31,AUD,0.935,0.895,16.0,0.11,1.187,0.819,2
2000-07-20,2001-12-31,AUD,0.993,0.951,14.0,0.096,1.187,0.858,2
2000-07-20,2000-12-31,AUD,1.11,1.124,14.0,0.094,1.267,0.974,1
2000-08-17,2001-12-31,AUD,0.995,0.956,16.0,0.101,1.187,0.855,2
2000-08-17,2000-12-31,AUD,1.094,1.122,16.0,0.109,1.302,0.848,1
2000-09-14,2000-12-31,AUD,1.084,1.091,16.0,0.083,1.255,0.928,1
2000-09-14,2001-12-31,AUD,1.009,0.997,16.0,0.116,1.22,0.839,2
2000-10-19,2000-12-31,AUD,1.111,1.129,16.0,0.1,1.269,0.956,1
2000-10-19,2001-12-31,AUD,1.051,1.079,16.0,0.127,1.244,0.839,2
2000-11-16,2001-12-31,AUD,1.108,1.114,16.0,0.121,1.347,0.899,2
2000-11-16,2000-12-31,AUD,1.158,1.163,15.0,0.085,1.301,0.956,1
2000-12-14,2000-12-31,AUD,1.17,1.166,14.0,0.067,1.339,1.064,1
2000-12-14,2001-12-31,AUD,1.153,1.122,14.0,0.156,1.443,0.899,2
2001-01-18,2000-12-31,AUD,1.215,1.23,15.0,0.085,1.381,1.064,1
2001-01-18,2001-12-31,AUD,1.148,1.118,15.0,0.141,1.414,0.899,2
2001-02-15,2001-12-31,AUD,1.153,1.14,15.0,0.162,1.52,0.899,2
2001-02-15,2000-12-31,AUD,1.236,1.237,15.0,0.06,1.356,1.11,1
2001-03-15,2001-12-31,AUD,1.141,1.152,15.0,0.179,1.447,0.743,1
2001-03-15,2002-12-31,AUD,0.971,0.987,14.0,0.106,1.126,0.751,2
2001-04-19,2002-12-31,AUD,1.052,1.055,14.0,0.102,1.24,0.829,2
2001-04-19,2001-12-31,AUD,1.18,1.14,15.0,0.172,1.465,0.913,1
2001-05-17,2001-12-31,AUD,1.256,1.225,16.0,0.197,1.628,0.913,1
2001-05-17,2002-12-31,AUD,1.079,1.045,16.0,0.144,1.373,0.829,2
2001-06-14,2001-12-31,AUD,1.305,1.242,16.0,0.183,1.628,0.979,1
2001-06-14,2002-12-31,AUD,1.109,1.103,16.0,0.15,1.373,0.829,2
2001-07-19,2002-12-31,AUD,1.139,1.099,16.0,0.178,1.422,0.829,2
2001-07-19,2001-12-31,AUD,1.314,1.301,16.0,0.176,1.569,0.979,1
2001-08-16,2001-12-31,AUD,1.296,1.297,16.0,0.155,1.55,0.979,1
2001-08-16,2002-12-31,AUD,1.148,1.091,16.0,0.195,1.579,0.829,2
2001-09-20,2001-12-31,AUD,1.291,1.245,16.0,0.195,1.773,0.979,1
2001-09-20,2002-12-31,AUD,1.154,1.063,16.0,0.213,1.574,0.829,2
2001-10-18,2002-12-31,AUD,1.187,1.125,14.0,0.202,1.574,0.937,2
2001-10-18,2001-12-31,AUD,1.302,1.245,15.0,0.206,1.767,0.979,1
2001-11-15,2001-12-31,AUD,1.239,1.193,15.0,0.195,1.707,0.979,1
2001-11-15,2002-12-31,AUD,1.163,1.151,14.0,0.151,1.429,0.975,2
2001-12-20,2001-12-31,AUD,1.229,1.179,15.0,0.18,1.661,0.979,1
2001-12-20,2002-12-31,AUD,1.075,1.04,14.0,0.124,1.392,0.935,2
2002-01-17,2002-12-31,AUD,1.053,1.03,15.0,0.119,1.392,0.923,2
2002-01-17,2001-12-31,AUD,1.225,1.179,15.0,0.174,1.661,0.979,1
2002-02-14,2002-12-31,AUD,1.025,1.03,15.0,0.085,1.157,0.902,2
2002-02-14,2001-12-31,AUD,1.19,1.157,15.0,0.174,1.619,0.953,1
2002-03-14,2002-12-31,AUD,1.049,1.04,14.0,0.096,1.213,0.912,1
2002-03-14,2003-12-31,AUD,0.888,0.883,13.0,0.13,1.139,0.684,2
2002-04-18,2002-12-31,AUD,1.104,1.098,14.0,0.086,1.291,0.964,1
2002-04-18,2003-12-31,AUD,0.889,0.883,13.0,0.142,1.199,0.707,2
2002-05-16,2003-12-31,AUD,0.908,0.903,13.0,0.126,1.157,0.723,2
2002-05-16,2002-12-31,AUD,1.109,1.109,14.0,0.073,1.256,1.002,1
2002-06-20,2003-12-31,AUD,0.933,0.934,13.0,0.125,1.157,0.716,2
2002-06-20,2002-12-31,AUD,1.138,1.136,14.0,0.088,1.295,1.002,1
2002-07-18,2002-12-31,AUD,1.146,1.156,14.0,0.081,1.295,1.002,1
2002-07-18,2003-12-31,AUD,0.932,0.912,13.0,0.117,1.157,0.731,2
2002-08-15,2003-12-31,AUD,0.953,0.94,13.0,0.087,1.089,0.776,2
2002-08-15,2002-12-31,AUD,1.137,1.146,14.0,0.08,1.295,1.024,1
2002-09-19,2002-12-31,AUD,1.102,1.094,12.0,0.054,1.169,1.026,1
2002-09-19,2003-12-31,AUD,0.972,0.968,11.0,0.081,1.084,0.814,2
2002-10-17,2002-12-31,AUD,1.099,1.098,11.0,0.079,1.259,0.99,1
2002-10-17,2003-12-31,AUD,0.982,1.003,10.0,0.099,1.084,0.758,2
2002-11-14,2002-12-31,AUD,1.127,1.128,11.0,0.065,1.218,1.026,1
2002-11-14,2003-12-31,AUD,0.978,0.985,10.0,0.096,1.06,0.748,2
2002-12-19,2003-12-31,AUD,0.965,0.994,11.0,0.119,1.064,0.686,2
2002-12-19,2002-12-31,AUD,1.113,1.118,12.0,0.063,1.205,0.991,1
2003-01-16,2003-12-31,AUD,0.97,0.973,11.0,0.133,1.137,0.686,2
2003-01-16,2002-12-31,AUD,1.103,1.1,12.0,0.062,1.205,0.991,1
2003-02-20,2004-12-31,AUD,0.709,0.728,11.0,0.128,0.992,0.549,2
2003-02-20,2003-12-31,AUD,0.921,0.888,12.0,0.122,1.105,0.686,1
2003-03-20,2003-12-31,AUD,0.85,0.858,12.0,0.1,0.998,0.686,1
2003-03-20,2004-12-31,AUD,0.695,0.711,11.0,0.112,0.892,0.543,2
2003-04-17,2004-12-31,AUD,0.682,0.671,12.0,0.133,0.902,0.505,2
2003-04-17,2003-12-31,AUD,0.86,0.866,12.0,0.127,1.069,0.686,1
2003-05-15,2004-12-31,AUD,0.674,0.684,12.0,0.117,0.863,0.505,2
2003-05-15,2003-12-31,AUD,0.845,0.86,12.0,0.114,1.034,0.637,1
2003-06-19,2003-12-31,AUD,0.822,0.806,13.0,0.117,1.034,0.637,1
2003-06-19,2004-12-31,AUD,0.662,0.711,13.0,0.113,0.818,0.507,2
2003-07-17,2004-12-31,AUD,0.667,0.672,13.0,0.098,0.818,0.534,2
2003-07-17,2003-12-31,AUD,0.835,0.798,13.0,0.123,1.034,0.637,1
2003-08-14,2004-12-31,AUD,0.674,0.665,12.0,0.095,0.818,0.534,2
2003-08-14,2003-12-31,AUD,0.835,0.794,12.0,0.123,1.034,0.702,1
2003-09-18,2004-12-31,AUD,0.689,0.688,12.0,0.092,0.818,0.559,2
2003-09-18,2003-12-31,AUD,0.81,0.794,12.0,0.087,1.034,0.716,1
2003-10-16,2003-12-31,AUD,0.825,0.813,12.0,0.074,1.034,0.751,1
2003-10-16,2004-12-31,AUD,0.702,0.707,12.0,0.081,0.818,0.564,2
2003-11-20,2003-12-31,AUD,0.81,0.793,12.0,0.078,1.034,0.744,1
2003-11-20,2004-12-31,AUD,0.68,0.674,11.0,0.077,0.818,0.564,2
2003-12-18,2004-12-31,AUD,0.665,0.643,11.0,0.089,0.818,0.554,2
2003-12-18,2003-12-31,AUD,0.814,0.789,12.0,0.077,1.034,0.751,1
2004-01-15,2003-12-31,AUD,0.82,0.811,12.0,0.074,1.034,0.751,1
2004-01-15,2004-12-31,AUD,0.648,0.64,12.0,0.094,0.818,0.516,2
2004-02-19,2005-12-31,AUD,0.571,0.588,9.0,0.081,0.664,0.45,2
2004-02-19,2004-12-31,AUD,0.662,0.635,12.0,0.114,0.865,0.539,1
2004-03-18,2005-12-31,AUD,0.655,0.663,11.0,0.102,0.785,0.45,2
2004-03-18,2004-12-31,AUD,0.719,0.755,12.0,0.105,0.867,0.566,1
2004-04-15,2005-12-31,AUD,0.731,0.715,11.0,0.128,0.971,0.579,2
2004-04-15,2004-12-31,AUD,0.852,0.807,12.0,0.212,1.329,0.603,1
2004-05-20,2004-12-31,AUD,0.894,0.867,12.0,0.232,1.393,0.597,1
2004-05-20,2005-12-31,AUD,0.726,0.715,11.0,0.133,0.953,0.562,2
2004-06-17,2005-12-31,AUD,0.771,0.76,11.0,0.113,1.009,0.607,2
2004-06-17,2004-12-31,AUD,0.861,0.855,10.0,0.133,1.069,0.678,1
2004-07-15,2004-12-31,AUD,0.906,0.932,9.0,0.117,1.064,0.678,1
2004-07-15,2005-12-31,AUD,0.806,0.802,11.0,0.118,1.009,0.607,2
2004-08-19,2005-12-31,AUD,0.849,0.827,13.0,0.131,1.204,0.724,2
2004-08-19,2004-12-31,AUD,0.924,0.932,12.0,0.108,1.144,0.716,1
2004-09-16,2004-12-31,AUD,0.962,0.949,12.0,0.108,1.144,0.716,1
2004-09-16,2005-12-31,AUD,0.91,0.897,13.0,0.15,1.204,0.737,2
2004-10-14,2005-12-31,AUD,0.959,0.944,13.0,0.156,1.222,0.742,2
2004-10-14,2004-12-31,AUD,1.001,1.023,12.0,0.118,1.144,0.716,1
2004-11-18,2004-12-31,AUD,1.01,1.022,12.0,0.126,1.182,0.733,1
2004-11-18,2005-12-31,AUD,1.023,0.994,13.0,0.137,1.269,0.775,2
2004-12-16,2004-12-31,AUD,1.024,1.036,11.0,0.136,1.182,0.733,1
2004-12-16,2005-12-31,AUD,1.044,0.986,13.0,0.177,1.512,0.872,2
2005-01-20,2005-12-31,AUD,1.016,0.99,12.0,0.166,1.512,0.865,2
2005-01-20,2004-12-31,AUD,1.002,1.031,11.0,0.124,1.147,0.733,1
2005-02-17,2005-12-31,AUD,1.049,1.023,10.0,0.106,1.298,0.944,1
2005-02-17,2006-12-31,AUD,1.348,1.321,11.0,0.202,1.695,1.114,2
2005-03-17,2005-12-31,AUD,1.027,1.006,13.0,0.131,1.395,0.853,1
2005-03-17,2006-12-31,AUD,1.369,1.334,13.0,0.25,1.914,1.064,2
2005-04-14,2006-12-31,AUD,1.506,1.455,13.0,0.31,2.101,1.067,2
2005-04-14,2005-12-31,AUD,1.093,1.087,13.0,0.105,1.342,0.942,1
2005-05-19,2005-12-31,AUD,1.127,1.104,13.0,0.101,1.295,0.966,1
2005-05-19,2006-12-31,AUD,1.511,1.414,13.0,0.337,2.054,0.908,2
2005-06-16,2006-12-31,AUD,1.469,1.41,10.0,0.35,2.054,0.908,2
2005-06-16,2005-12-31,AUD,1.148,1.185,12.0,0.109,1.295,0.966,1
2005-07-14,2006-12-31,AUD,1.576,1.576,10.0,0.384,2.054,0.908,2
2005-07-14,2005-12-31,AUD,1.193,1.22,12.0,0.132,1.391,0.966,1
2005-08-18,2005-12-31,AUD,1.3,1.32,14.0,0.103,1.432,1.122,1
2005-08-18,2006-12-31,AUD,1.703,1.653,12.0,0.269,2.101,1.197,2
2005-09-15,2005-12-31,AUD,1.333,1.324,13.0,0.126,1.508,1.102,1
2005-09-15,2006-12-31,AUD,1.81,1.814,9.0,0.235,2.113,1.408,2
2005-10-20,2005-12-31,AUD,1.42,1.451,10.0,0.121,1.6,1.185,1
2005-10-20,2006-12-31,AUD,2.017,2.039,10.0,0.372,2.631,1.408,2
2005-11-17,2006-12-31,AUD,2.076,2.12,12.0,0.356,2.631,1.561,2
2005-11-17,2005-12-31,AUD,1.433,1.46,13.0,0.105,1.6,1.185,1
2005-12-15,2005-12-31,AUD,1.468,1.471,9.0,0.072,1.6,1.373,1
2005-12-15,2006-12-31,AUD,2.204,2.162,9.0,0.196,2.555,1.858,2
2006-01-19,2006-12-31,AUD,2.221,2.197,11.0,0.208,2.552,1.858,2
2006-01-19,2005-12-31,AUD,1.473,1.464,11.0,0.071,1.6,1.373,1
2006-02-16,2006-12-31,AUD,2.223,2.241,8.0,0.275,2.768,1.853,1
2006-02-16,2007-12-31,AUD,2.67,2.549,6.0,0.402,3.265,2.247,2
2006-03-16,2007-12-31,AUD,2.544,2.469,8.0,0.418,3.256,2.002,2
2006-03-16,2006-12-31,AUD,2.257,2.227,8.0,0.251,2.768,1.942,1
2006-04-20,2006-12-31,AUD,2.345,2.216,10.0,0.331,2.865,1.942,1
2006-04-20,2007-12-31,AUD,2.625,2.55,10.0,0.349,3.187,2.247,2
2006-05-18,2007-12-31,AUD,2.667,2.668,10.0,0.403,3.41,2.204,2
2006-05-18,2006-12-31,AUD,2.433,2.383,11.0,0.307,2.872,2.029,1
2006-06-15,2006-12-31,AUD,2.391,2.321,12.0,0.276,2.885,2.029,1
2006-06-15,2007-12-31,AUD,2.79,2.923,12.0,0.432,3.406,2.212,2
2006-07-20,2007-12-31,AUD,3.042,3.099,14.0,0.46,3.799,2.212,2
2006-07-20,2006-12-31,AUD,2.357,2.379,14.0,0.289,3.019,1.853,1
2006-08-17,2006-12-31,AUD,2.296,2.338,13.0,0.2,2.55,1.936,1
2006-08-17,2007-12-31,AUD,3.058,3.158,13.0,0.468,3.909,2.212,2
2006-09-14,2006-12-31,AUD,2.302,2.327,13.0,0.168,2.55,1.981,1
2006-09-14,2007-12-31,AUD,2.983,3.032,13.0,0.416,3.929,2.357,2
2006-10-19,2006-12-31,AUD,2.278,2.268,12.0,0.174,2.55,1.981,1
2006-10-19,2007-12-31,AUD,3.017,3.019,12.0,0.414,3.929,2.271,2
2006-11-16,2006-12-31,AUD,2.209,2.172,11.0,0.212,2.659,1.912,1
2006-11-16,2007-12-31,AUD,2.835,2.943,11.0,0.406,3.355,2.03,2
2006-12-14,2007-12-31,AUD,2.275,2.287,11.0,0.37,2.893,1.641,2
2006-12-14,2006-12-31,AUD,2.055,2.035,12.0,0.108,2.261,1.883,1
2007-01-18,2007-12-31,AUD,2.26,2.248,11.0,0.333,2.893,1.854,2
2007-01-18,2006-12-31,AUD,2.033,2.01,12.0,0.107,2.261,1.883,1
2007-02-15,2007-12-31,AUD,2.093,2.059,13.0,0.258,2.54,1.799,2
2007-02-15,2006-12-31,AUD,1.995,2.007,14.0,0.053,2.069,1.883,1
2007-03-15,2008-12-31,AUD,2.606,2.707,11.0,0.474,3.282,1.667,2
2007-03-15,2007-12-31,AUD,1.983,2.01,13.0,0.178,2.357,1.673,1
2007-04-19,2007-12-31,AUD,1.949,1.961,13.0,0.187,2.271,1.628,1
2007-04-19,2008-12-31,AUD,2.661,2.628,12.0,0.441,3.485,2.099,2
2007-05-17,2008-12-31,AUD,2.53,2.468,13.0,0.443,3.355,1.863,2
2007-05-17,2007-12-31,AUD,1.945,1.951,14.0,0.181,2.271,1.628,1
2007-06-14,2008-12-31,AUD,2.596,2.529,14.0,0.501,3.439,1.804,2
2007-06-14,2007-12-31,AUD,1.975,1.992,14.0,0.2,2.286,1.642,1
2007-07-19,2008-12-31,AUD,2.478,2.528,14.0,0.34,3.034,1.887,2
2007-07-19,2007-12-31,AUD,1.944,1.905,14.0,0.169,2.205,1.601,1
2007-08-16,2008-12-31,AUD,2.428,2.459,14.0,0.313,2.948,1.897,2
2007-08-16,2007-12-31,AUD,1.836,1.817,14.0,0.096,2.109,1.688,1
2007-09-20,2007-12-31,AUD,1.821,1.789,14.0,0.127,2.109,1.659,1
2007-09-20,2008-12-31,AUD,2.404,2.449,14.0,0.236,2.766,2.041,2
2007-10-18,2007-12-31,AUD,1.86,1.819,14.0,0.151,2.109,1.641,1
2007-10-18,2008-12-31,AUD,2.384,2.362,14.0,0.381,3.061,1.857,2
2007-11-15,2008-12-31,AUD,2.4,2.385,13.0,0.35,3.053,1.857,2
2007-11-15,2007-12-31,AUD,1.806,1.773,12.0,0.146,2.01,1.566,1
2007-12-20,2008-12-31,AUD,2.399,2.402,12.0,0.405,3.043,1.816,2
2007-12-20,2007-12-31,AUD,1.805,1.783,11.0,0.156,2.232,1.686,1
2008-01-17,2008-12-31,AUD,2.495,2.385,11.0,0.398,3.19,2.001,2
2008-01-17,2007-12-31,AUD,1.851,1.801,11.0,0.163,2.248,1.686,1
2008-02-14,2007-12-31,AUD,1.698,1.714,11.0,0.086,1.792,1.466,1
2008-02-14,2008-12-31,AUD,2.656,2.717,11.0,0.439,3.283,2.001,2
2008-03-20,2009-12-31,AUD,2.82,2.65,12.0,0.586,3.687,2.095,2
2008-03-20,2008-12-31,AUD,2.911,2.944,12.0,0.43,3.466,2.001,1
2008-03-20,2009-12-31,AUD,2.82,2.65,12.0,0.586,3.687,2.095,2
2008-04-17,2009-12-31,AUD,2.895,2.568,12.0,0.72,4.245,2.095,2
2008-04-17,2009-12-31,AUD,2.895,2.568,12.0,0.72,4.245,2.095,2
2008-04-17,2008-12-31,AUD,2.898,2.999,12.0,0.398,3.466,2.001,1
2008-05-15,2009-12-31,AUD,2.841,2.577,10.0,0.696,4.065,2.126,2
2008-05-15,2009-12-31,AUD,2.841,2.577,10.0,0.696,4.065,2.126,2
2008-05-15,2008-12-31,AUD,2.917,2.986,10.0,0.319,3.439,2.488,1
2008-06-19,2009-12-31,AUD,3.42,3.727,10.0,0.983,4.69,2.126,2
2008-06-19,2008-12-31,AUD,3.274,3.251,10.0,0.516,3.971,2.488,1
2008-06-19,2009-12-31,AUD,3.42,3.727,10.0,0.983,4.69,2.126,2
2008-07-17,2008-12-31,AUD,3.506,3.662,10.0,0.465,3.983,2.488,1
2008-07-17,2009-12-31,AUD,3.509,3.647,10.0,0.896,4.69,2.126,2
2008-07-17,2009-12-31,AUD,3.509,3.647,10.0,0.896,4.69,2.126,2
2008-08-14,2009-12-31,AUD,3.464,3.563,10.0,0.872,4.596,2.126,2
2008-08-14,2009-12-31,AUD,3.464,3.563,10.0,0.872,4.596,2.126,2
2008-08-14,2008-12-31,AUD,3.381,3.506,10.0,0.423,3.971,2.488,1
2008-09-18,2008-12-31,AUD,3.672,3.653,11.0,0.469,4.692,3.062,1
2008-09-18,2009-12-31,AUD,3.806,3.922,11.0,0.514,4.703,2.851,2
2008-09-18,2009-12-31,AUD,3.806,3.922,11.0,0.514,4.703,2.851,2
2008-10-16,2009-12-31,AUD,3.564,3.524,11.0,0.454,4.303,2.851,2
2008-10-16,2009-12-31,AUD,3.564,3.524,11.0,0.454,4.303,2.851,2
2008-10-16,2008-12-31,AUD,3.633,3.547,11.0,0.38,4.515,3.062,1
2008-11-20,2009-12-31,AUD,2.663,2.721,12.0,0.449,3.187,1.468,2
2008-11-20,2008-12-31,AUD,3.382,3.363,12.0,0.284,4.081,3.062,1
2008-11-20,2009-12-31,AUD,2.663,2.721,12.0,0.449,3.187,1.468,2
2008-12-18,2009-12-31,AUD,2.388,2.447,11.0,0.598,3.082,1.341,2
2008-12-18,2008-12-31,AUD,3.222,3.231,12.0,0.288,3.636,2.631,1
2008-12-18,2009-12-31,AUD,2.388,2.447,11.0,0.598,3.082,1.341,2
2009-01-15,2008-12-31,AUD,3.211,3.206,12.0,0.29,3.636,2.631,1
2009-01-15,2009-12-31,AUD,2.362,2.631,13.0,0.657,3.082,1.341,2
2009-01-15,2009-12-31,AUD,2.362,2.631,13.0,0.657,3.082,1.341,2
2009-02-19,2009-12-31,AUD,1.954,1.995,14.0,0.6,3.013,1.01,1
2009-02-19,2010-12-31,AUD,2.185,2.308,14.0,0.522,3.175,1.172,2
2009-02-19,2009-12-31,AUD,1.954,1.995,14.0,0.6,3.013,1.01,1
2009-03-19,2009-12-31,AUD,1.833,1.831,13.0,0.531,3.013,1.01,1
2009-03-19,2010-12-31,AUD,2.079,2.041,13.0,0.522,3.175,1.172,2
2009-03-19,2009-12-31,AUD,1.833,1.831,13.0,0.531,3.013,1.01,1
2009-04-16,2009-12-31,AUD,1.823,1.753,14.0,0.486,3.013,1.321,1
2009-04-16,2009-12-31,AUD,1.823,1.753,14.0,0.486,3.013,1.321,1
2009-04-16,2010-12-31,AUD,1.874,1.968,13.0,0.366,2.319,1.201,2
2009-05-14,2009-12-31,AUD,1.769,1.622,14.0,0.532,3.013,1.241,1
2009-05-14,2010-12-31,AUD,1.772,1.882,12.0,0.337,2.173,1.103,2
2009-05-14,2009-12-31,AUD,1.769,1.622,14.0,0.532,3.013,1.241,1
2009-06-18,2010-12-31,AUD,1.823,1.878,14.0,0.307,2.326,1.365,2
2009-06-18,2009-12-31,AUD,1.605,1.563,14.0,0.385,2.618,1.207,1
2009-06-18,2009-12-31,AUD,1.605,1.563,14.0,0.385,2.618,1.207,1
2009-07-16,2009-12-31,AUD,1.638,1.575,15.0,0.321,2.326,1.213,1
2009-07-16,2010-12-31,AUD,1.878,1.901,14.0,0.312,2.411,1.427,2
2009-07-16,2009-12-31,AUD,1.638,1.575,15.0,0.321,2.326,1.213,1
2009-08-20,2010-12-31,AUD,1.924,1.867,12.0,0.302,2.481,1.511,2
2009-08-20,2009-12-31,AUD,1.895,1.955,13.0,0.374,2.462,1.34,1
2009-08-20,2009-12-31,AUD,1.895,1.955,13.0,0.374,2.462,1.34,1
2009-09-17,2009-12-31,AUD,1.879,1.955,13.0,0.326,2.254,1.272,1
2009-09-17,2009-12-31,AUD,1.879,1.955,13.0,0.326,2.254,1.272,1
2009-09-17,2010-12-31,AUD,1.937,1.85,12.0,0.322,2.481,1.511,2
2009-10-15,2009-12-31,AUD,1.904,1.918,13.0,0.296,2.275,1.323,1
2009-10-15,2009-12-31,AUD,1.904,1.918,13.0,0.296,2.275,1.323,1
2009-10-15,2010-12-31,AUD,1.854,1.909,12.0,0.368,2.413,1.362,2
2009-11-19,2010-12-31,AUD,1.852,1.927,13.0,0.375,2.413,1.337,2
2009-11-19,2009-12-31,AUD,1.932,1.912,13.0,0.293,2.363,1.398,1
2009-11-19,2009-12-31,AUD,1.932,1.912,13.0,0.293,2.363,1.398,1
2009-12-17,2009-12-31,AUD,1.899,1.926,14.0,0.265,2.275,1.42,1
2009-12-17,2010-12-31,AUD,1.47,1.435,11.0,0.243,2.05,1.193,2
2009-12-17,2009-12-31,AUD,1.899,1.926,14.0,0.265,2.275,1.42,1
2010-01-14,2010-12-31,AUD,1.485,1.429,12.0,0.257,1.998,1.193,2
2010-01-14,2009-12-31,AUD,1.877,1.912,15.0,0.264,2.284,1.367,1
2010-01-14,2009-12-31,AUD,1.877,1.912,15.0,0.264,2.284,1.367,1
2010-02-18,2009-12-31,AUD,1.956,1.802,15.0,0.297,2.571,1.627,1
2010-02-18,2010-12-31,AUD,1.481,1.412,13.0,0.206,1.859,1.196,2
2010-02-18,2009-12-31,AUD,1.956,1.802,15.0,0.297,2.571,1.627,1
2010-03-18,2010-12-31,AUD,1.538,1.442,14.0,0.246,2.012,1.196,1
2010-03-18,2011-12-31,AUD,2.734,2.536,13.0,0.54,3.847,2.044,2
2010-04-15,2011-12-31,AUD,2.817,2.611,13.0,0.615,3.906,2.044,2
2010-04-15,2010-12-31,AUD,1.575,1.453,13.0,0.273,2.158,1.196,1
2010-05-20,2010-12-31,AUD,1.646,1.503,14.0,0.453,2.714,1.009,1
2010-05-20,2011-12-31,AUD,2.755,2.619,14.0,0.568,3.906,2.083,2
2010-06-17,2011-12-31,AUD,2.725,2.611,15.0,0.533,3.906,2.1,2
2010-06-17,2010-12-31,AUD,1.636,1.587,15.0,0.421,2.714,0.983,1
2010-07-15,2010-12-31,AUD,1.754,1.648,17.0,0.337,2.714,1.229,1
2010-07-15,2011-12-31,AUD,2.59,2.604,17.0,0.474,3.906,2.042,2
2010-08-19,2011-12-31,AUD,2.597,2.61,18.0,0.457,3.906,2.038,2
2010-08-19,2010-12-31,AUD,1.958,1.923,18.0,0.255,2.712,1.513,1
2010-09-16,2010-12-31,USD,1.88,1.82,17.0,0.34,3.1,1.42,1
2010-09-16,2011-12-31,USD,2.45,2.37,17.0,0.54,3.68,1.83,2
2010-10-14,2011-12-31,USD,2.34,2.25,16.0,0.54,3.72,1.74,2
2010-10-14,2010-12-31,USD,1.93,1.83,16.0,0.37,3.27,1.64,1
2010-11-18,2010-12-31,USD,1.9,1.85,17.0,0.21,2.66,1.75,1
2010-11-18,2011-12-31,USD,2.2,2.28,17.0,0.39,2.84,1.54,2
2010-12-16,2011-12-31,USD,1.81,1.83,17.0,0.41,2.66,1.14,2
2010-12-16,2010-12-31,USD,1.95,1.92,17.0,0.22,2.67,1.69,1
2011-01-20,2011-12-31,USD,1.86,1.91,17.0,0.38,2.7,1.15,2
2011-01-20,2010-12-31,USD,1.96,1.93,17.0,0.22,2.71,1.71,1
2011-02-17,2010-12-31,USD,2.0,1.95,17.0,0.26,2.94,1.79,1
2011-02-17,2011-12-31,USD,1.88,1.92,17.0,0.3,2.71,1.45,2
2011-03-17,2012-12-31,USD,2.89,2.85,16.0,0.51,4.23,2.3,2
2011-03-17,2011-12-31,USD,1.97,1.92,18.0,0.3,2.77,1.53,1
2011-04-14,2012-12-31,USD,3.04,3.01,16.0,0.59,4.17,2.21,2
2011-04-14,2011-12-31,USD,2.12,2.0,18.0,0.33,2.98,1.61,1
2011-05-19,2011-12-31,USD,2.17,2.15,18.0,0.26,2.61,1.88,1
2011-05-19,2012-12-31,USD,3.08,2.95,17.0,0.58,4.03,2.3,2
2011-06-16,2012-12-31,USD,3.14,3.09,18.0,0.62,4.67,2.33,2
2011-06-16,2011-12-31,USD,2.19,2.17,18.0,0.26,2.71,1.85,1
2011-07-14,2011-12-31,USD,1.92,1.91,18.0,0.22,2.27,1.38,1
2011-07-14,2012-12-31,USD,2.77,2.72,18.0,0.49,3.83,1.95,2
2011-08-18,2011-12-31,USD,2.02,2.09,18.0,0.23,2.29,1.33,1
2011-08-18,2012-12-31,USD,2.81,2.73,18.0,0.41,3.88,2.22,2
2011-09-15,2011-12-31,USD,2.06,2.09,18.0,0.15,2.29,1.79,1
2011-09-15,2012-12-31,USD,2.76,2.67,18.0,0.46,3.88,1.76,2
2011-10-20,2011-12-31,USD,2.07,2.11,17.0,0.13,2.23,1.79,1
2011-10-20,2012-12-31,USD,2.53,2.49,17.0,0.46,3.34,1.7,2
2011-11-17,2012-12-31,USD,2.55,2.54,17.0,0.45,3.29,1.67,2
2011-11-17,2011-12-31,USD,2.13,2.11,17.0,0.16,2.36,1.8,1
2011-12-15,2011-12-31,USD,2.1,2.1,19.0,0.15,2.33,1.77,1
2011-12-15,2012-12-31,USD,2.24,2.16,19.0,0.4,3.26,1.65,2
2012-01-19,2011-12-31,USD,2.14,2.11,19.0,0.15,2.38,1.86,1
2012-01-19,2012-12-31,USD,2.34,2.22,19.0,0.37,3.26,1.84,2
2012-02-16,2011-12-31,USD,2.13,2.13,18.0,0.16,2.48,1.79,1
2012-02-16,2012-12-31,USD,2.34,2.26,18.0,0.36,3.26,1.84,2
2012-03-15,2012-12-31,USD,2.33,2.29,18.0,0.33,3.26,1.84,1
2012-03-15,2013-12-31,USD,2.84,2.77,18.0,0.45,3.51,2.16,2
2012-04-19,2012-12-31,USD,2.44,2.4,18.0,0.31,3.26,2.04,1
2012-04-19,2013-12-31,USD,2.88,2.77,18.0,0.45,3.71,2.31,2
2012-05-17,2012-12-31,USD,2.45,2.46,18.0,0.3,3.26,1.93,1
2012-05-17,2013-12-31,USD,2.91,2.77,18.0,0.4,3.63,2.38,2
2012-06-14,2013-12-31,USD,2.89,2.74,18.0,0.36,3.63,2.5,2
2012-06-14,2012-12-31,USD,2.47,2.47,18.0,0.34,3.26,1.74,1
2012-07-19,2012-12-31,USD,2.44,2.45,18.0,0.31,3.26,2.03,1
2012-07-19,2013-12-31,USD,2.72,2.67,18.0,0.4,3.46,2.05,2
2012-08-16,2013-12-31,USD,2.65,2.53,18.0,0.47,3.48,1.92,2
2012-08-16,2012-12-31,USD,2.44,2.41,19.0,0.31,3.26,1.93,1
2012-09-20,2013-12-31,USD,2.54,2.44,16.0,0.43,3.46,1.92,2
2012-09-20,2012-12-31,USD,2.38,2.37,17.0,0.21,2.67,1.86,1
2012-10-18,2012-12-31,USD,2.46,2.41,17.0,0.2,2.81,2.11,1
2012-10-18,2013-12-31,USD,2.6,2.49,17.0,0.36,3.44,2.02,2
2012-11-15,2013-12-31,USD,2.61,2.52,15.0,0.35,3.44,2.19,2
2012-11-15,2012-12-31,USD,2.53,2.47,15.0,0.17,2.81,2.32,1
2012-12-20,2013-12-31,USD,2.54,2.47,15.0,0.28,3.17,2.19,2
2012-12-20,2012-12-31,USD,2.62,2.5,14.0,0.35,3.7,2.32,1
2013-01-17,2012-12-31,USD,2.59,2.49,14.0,0.34,3.7,2.33,1
2013-01-17,2013-12-31,USD,2.52,2.44,15.0,0.26,3.0,2.15,2
2013-02-14,2013-12-31,USD,2.45,2.38,15.0,0.25,3.0,2.1,2
2013-02-14,2012-12-31,USD,2.54,2.41,14.0,0.35,3.66,2.34,1
2013-03-14,2013-12-31,USD,2.4,2.43,16.0,0.17,2.67,2.13,1
2013-03-14,2014-12-31,USD,2.77,2.79,15.0,0.27,3.29,2.37,2
2013-04-18,2014-12-31,USD,2.73,2.77,16.0,0.21,3.24,2.36,2
2013-04-18,2013-12-31,USD,2.4,2.43,16.0,0.15,2.59,2.13,1
2013-05-16,2014-12-31,USD,2.68,2.73,16.0,0.24,3.23,2.36,2
2013-05-16,2013-12-31,USD,2.39,2.35,16.0,0.12,2.58,2.23,1
2013-06-20,2013-12-31,USD,2.38,2.35,15.0,0.13,2.58,2.18,1
2013-06-20,2014-12-31,USD,2.68,2.71,15.0,0.24,3.23,2.37,2
2013-07-18,2014-12-31,USD,2.69,2.67,14.0,0.26,3.27,2.4,2
2013-07-18,2013-12-31,USD,2.26,2.25,14.0,0.16,2.43,1.85,1
2013-08-15,2013-12-31,USD,2.29,2.25,14.0,0.12,2.48,2.12,1
2013-08-15,2014-12-31,USD,2.7,2.68,14.0,0.25,3.26,2.41,2
2013-09-19,2014-12-31,USD,2.72,2.73,14.0,0.24,3.11,2.32,2
2013-09-19,2013-12-31,USD,2.32,2.28,14.0,0.16,2.65,2.02,1
2013-10-17,2013-12-31,USD,2.32,2.31,14.0,0.14,2.65,2.12,1
2013-10-17,2014-12-31,USD,2.79,2.79,14.0,0.31,3.43,2.32,2
2013-11-14,2013-12-31,USD,2.29,2.27,14.0,0.14,2.65,2.12,1
2013-11-14,2014-12-31,USD,2.76,2.79,14.0,0.26,3.06,2.32,2
2013-12-19,2013-12-31,USD,2.28,2.26,14.0,0.15,2.65,2.09,1
2013-12-19,2014-12-31,USD,2.7,2.7,14.0,0.24,3.06,2.32,2
2014-01-16,2013-12-31,USD,2.24,2.25,14.0,0.11,2.45,2.08,1
2014-01-16,2014-12-31,USD,2.68,2.69,14.0,0.17,2.98,2.32,2
2014-02-20,2015-12-31,USD,2.63,2.67,13.0,0.2,2.95,2.32,2
2014-02-20,2014-12-31,USD,2.7,2.67,14.0,0.17,3.01,2.46,1
2014-03-20,2015-12-31,USD,2.61,2.62,13.0,0.24,3.12,2.29,2
2014-03-20,2014-12-31,USD,2.72,2.66,14.0,0.2,3.24,2.52,1
2014-04-17,2015-12-31,USD,2.67,2.65,13.0,0.22,3.12,2.3,2
2014-04-17,2014-12-31,USD,2.78,2.77,14.0,0.22,3.24,2.52,1
2014-05-15,2015-12-31,USD,2.72,2.73,13.0,0.24,3.07,2.3,2
2014-05-15,2014-12-31,USD,2.84,2.9,13.0,0.2,3.18,2.52,1
2014-06-19,2014-12-31,USD,2.9,2.87,13.0,0.23,3.35,2.52,1
2014-06-19,2015-12-31,USD,2.86,2.81,13.0,0.32,3.55,2.38,2
2014-07-17,2015-12-31,USD,2.95,2.96,14.0,0.42,3.87,2.38,2
2014-07-17,2014-12-31,USD,2.94,2.92,14.0,0.33,3.49,2.4,1
2014-08-14,2014-12-31,USD,2.92,2.9,14.0,0.33,3.5,2.4,1
2014-08-14,2015-12-31,USD,2.87,2.82,14.0,0.36,3.47,2.38,2
2014-09-18,2015-12-31,USD,2.87,2.79,14.0,0.34,3.55,2.38,2
2014-09-18,2014-12-31,USD,2.91,2.87,14.0,0.32,3.37,2.4,1
2014-10-16,2014-12-31,USD,2.89,2.92,14.0,0.26,3.3,2.4,1
2014-10-16,2015-12-31,USD,2.76,2.78,14.0,0.23,3.18,2.38,2
2014-11-20,2014-12-31,USD,2.88,2.91,15.0,0.25,3.3,2.4,1
2014-11-20,2015-12-31,USD,2.57,2.62,15.0,0.37,3.18,1.74,2
2014-12-18,2014-12-31,USD,2.86,2.91,16.0,0.3,3.53,2.35,1
2014-12-18,2015-12-31,USD,2.03,2.04,16.0,0.43,2.78,1.35,2
2015-01-15,2015-12-31,USD,1.81,1.82,16.0,0.3,2.39,1.28,2
2015-01-15,2014-12-31,USD,2.93,2.95,16.0,0.2,3.23,2.49,1
2015-02-19,2015-12-31,USD,1.36,1.37,16.0,0.46,2.09,0.54,1
2015-02-19,2016-12-31,USD,1.72,1.88,15.0,0.45,2.3,0.75,2
2015-03-19,2016-12-31,USD,1.73,1.87,14.0,0.39,2.18,0.87,2
2015-03-19,2015-12-31,USD,1.34,1.39,14.0,0.35,1.81,0.66,1
2015-04-16,2016-12-31,USD,1.7,1.86,15.0,0.39,2.18,0.83,2
2015-04-16,2015-12-31,USD,1.33,1.38,15.0,0.35,1.81,0.73,1
2015-05-14,2015-12-31,USD,1.29,1.2,15.0,0.38,1.9,0.73,1
2015-05-14,2016-12-31,USD,1.54,1.51,15.0,0.44,2.18,0.79,2
2015-06-18,2015-12-31,USD,1.37,1.35,14.0,0.38,1.9,0.73,1
2015-06-18,2016-12-31,USD,1.51,1.43,14.0,0.4,2.18,1.0,2
2015-07-16,2015-12-31,USD,1.41,1.46,14.0,0.34,1.9,0.73,1
2015-07-16,2016-12-31,USD,1.53,1.5,14.0,0.39,2.18,1.0,2
2015-08-20,2016-12-31,USD,1.38,1.39,12.0,0.35,1.91,0.66,2
2015-08-20,2015-12-31,USD,1.3,1.36,12.0,0.25,1.63,0.73,1
2015-09-17,2015-12-31,USD,1.31,1.28,10.0,0.1,1.5,1.21,1
2015-09-17,2016-12-31,USD,1.16,1.18,10.0,0.3,1.63,0.79,2
2015-10-15,2016-12-31,USD,1.04,1.01,9.0,0.27,1.63,0.82,2
2015-10-15,2015-12-31,USD,1.28,1.26,9.0,0.09,1.49,1.22,1
2015-11-19,2016-12-31,USD,1.14,1.02,10.0,0.29,1.63,0.85,2
2015-11-19,2015-12-31,USD,1.34,1.26,10.0,0.16,1.7,1.18,1
2015-12-17,2016-12-31,USD,1.03,1.01,12.0,0.28,1.63,0.45,2
2015-12-17,2015-12-31,USD,1.34,1.26,12.0,0.14,1.66,1.23,1
2016-01-14,2015-12-31,USD,1.35,1.29,13.0,0.14,1.72,1.24,1
2016-01-14,2016-12-31,USD,0.82,0.86,13.0,0.28,1.33,0.3,2
2016-02-18,2017-12-31,USD,1.18,1.25,12.0,0.37,1.81,0.5,2
2016-02-18,2016-12-31,USD,0.8,0.84,12.0,0.3,1.36,0.26,1
2016-03-17,2017-12-31,USD,1.18,1.24,12.0,0.37,1.81,0.5,2
2016-03-17,2016-12-31,USD,0.8,0.84,12.0,0.3,1.36,0.29,1
2016-04-14,2016-12-31,USD,0.8,0.82,12.0,0.27,1.36,0.4,1
2016-04-14,2017-12-31,USD,1.2,1.25,12.0,0.35,1.81,0.59,2
2016-05-19,2017-12-31,USD,1.2,1.24,13.0,0.39,2.01,0.56,2
2016-05-19,2016-12-31,USD,0.9,0.89,13.0,0.25,1.52,0.62,1
2016-06-16,2017-12-31,USD,1.18,1.24,13.0,0.37,1.96,0.56,2
2016-06-16,2016-12-31,USD,0.91,0.9,13.0,0.28,1.49,0.6,1
2016-07-14,2016-12-31,USD,0.96,0.9,13.0,0.28,1.6,0.6,1
2016-07-14,2017-12-31,USD,1.2,1.23,13.0,0.36,1.95,0.63,2
2016-08-18,2017-12-31,USD,1.21,1.25,13.0,0.35,2.03,0.69,2
2016-08-18,2016-12-31,USD,1.0,0.96,13.0,0.25,1.62,0.7,1
2016-09-15,2016-12-31,USD,1.02,0.94,14.0,0.2,1.52,0.81,1
2016-09-15,2017-12-31,USD,1.27,1.24,14.0,0.37,2.19,0.75,2
2016-10-20,2017-12-31,USD,1.27,1.27,14.0,0.33,2.03,0.76,2
2016-10-20,2016-12-31,USD,1.02,0.98,14.0,0.16,1.46,0.88,1
2016-11-17,2016-12-31,USD,1.02,0.98,14.0,0.14,1.36,0.84,1
2016-11-17,2017-12-31,USD,1.23,1.24,14.0,0.27,1.66,0.76,2
2016-12-15,2016-12-31,USD,1.02,0.98,14.0,0.15,1.36,0.79,1
2016-12-15,2017-12-31,USD,1.22,1.24,14.0,0.25,1.66,0.76,2
2017-01-19,2016-12-31,USD,1.03,0.99,14.0,0.11,1.36,0.92,1
2017-01-19,2017-12-31,USD,1.27,1.26,15.0,0.25,1.74,0.76,2
2017-02-16,2017-12-31,USD,1.27,1.24,15.0,0.23,1.74,0.87,2
2017-02-16,2016-12-31,USD,1.04,1.01,15.0,0.1,1.35,0.92,1
2017-03-16,2018-12-31,USD,1.49,1.45,16.0,0.29,2.01,0.95,2
2017-03-16,2017-12-31,USD,1.33,1.28,15.0,0.21,1.88,1.03,1
2017-04-20,2017-12-31,USD,1.31,1.28,15.0,0.16,1.71,1.03,1
2017-04-20,2018-12-31,USD,1.46,1.43,16.0,0.28,1.97,0.94,2
2017-05-18,2017-12-31,USD,1.28,1.26,15.0,0.15,1.71,1.06,1
2017-05-18,2018-12-31,USD,1.44,1.43,16.0,0.25,1.97,0.94,2
2017-06-15,2018-12-31,USD,1.42,1.46,17.0,0.23,1.97,0.94,2
2017-06-15,2017-12-31,USD,1.28,1.28,16.0,0.15,1.69,1.06,1
2017-07-20,2017-12-31,USD,1.16,1.16,17.0,0.12,1.33,0.96,1
2017-07-20,2018-12-31,USD,1.31,1.36,17.0,0.21,1.73,0.96,2
2017-08-17,2018-12-31,USD,1.25,1.25,17.0,0.19,1.54,0.9,2
2017-08-17,2017-12-31,USD,1.16,1.16,17.0,0.09,1.31,0.96,1
2017-09-14,2017-12-31,USD,1.18,1.19,17.0,0.09,1.31,1.03,1
2017-09-14,2018-12-31,USD,1.24,1.26,17.0,0.2,1.54,0.91,2
2017-10-19,2017-12-31,USD,1.18,1.17,17.0,0.09,1.31,1.03,1
2017-10-19,2018-12-31,USD,1.21,1.23,17.0,0.19,1.53,0.88,2
2017-11-16,2018-12-31,USD,1.23,1.31,16.0,0.2,1.53,0.86,2
2017-11-16,2017-12-31,USD,1.19,1.17,16.0,0.07,1.32,1.09,1
2017-12-14,2017-12-31,USD,1.19,1.17,16.0,0.07,1.34,1.09,1
2017-12-14,2018-12-31,USD,1.28,1.33,16.0,0.2,1.61,0.86,2
2018-01-18,2018-12-31,USD,1.44,1.43,16.0,0.22,1.83,1.12,2
2018-01-18,2017-12-31,USD,1.22,1.21,16.0,0.08,1.37,1.09,1
2018-02-15,2019-12-31,USD,1.49,1.58,16.0,0.32,2.08,0.99,2
2018-02-15,2018-12-31,USD,1.5,1.5,16.0,0.18,1.76,1.09,1
2018-03-15,2018-12-31,USD,1.48,1.49,15.0,0.18,1.78,1.08,1
2018-03-15,2019-12-31,USD,1.47,1.55,15.0,0.32,2.08,1.0,2
2018-04-19,2019-12-31,USD,1.52,1.6,16.0,0.3,2.14,1.04,2
2018-04-19,2018-12-31,USD,1.53,1.49,16.0,0.21,1.96,1.22,1
2018-05-17,2018-12-31,USD,1.59,1.66,16.0,0.26,2.03,1.18,1
2018-05-17,2019-12-31,USD,1.61,1.61,16.0,0.32,2.26,1.08,2
2018-06-14,2018-12-31,USD,1.66,1.76,15.0,0.28,1.97,1.12,1
2018-06-14,2019-12-31,USD,1.81,1.69,15.0,0.35,2.35,1.29,2
2018-07-19,2018-12-31,USD,1.67,1.69,15.0,0.22,1.96,1.26,1
2018-07-19,2019-12-31,USD,1.87,1.82,15.0,0.25,2.31,1.44,2
2018-08-16,2018-12-31,USD,1.6,1.62,15.0,0.16,1.96,1.33,1
2018-08-16,2019-12-31,USD,1.93,1.89,15.0,0.22,2.44,1.59,2
2018-09-20,2019-12-31,USD,1.96,1.95,15.0,0.19,2.44,1.72,2
2018-09-20,2018-12-31,USD,1.56,1.59,15.0,0.11,1.75,1.39,1
2018-10-18,2018-12-31,USD,1.58,1.6,15.0,0.13,1.78,1.3,1
2018-10-18,2019-12-31,USD,2.11,2.04,15.0,0.27,2.55,1.73,2
2018-11-15,2019-12-31,USD,2.11,2.04,15.0,0.27,2.55,1.75,2
2018-11-15,2018-12-31,USD,1.56,1.56,15.0,0.12,1.78,1.32,1
2018-12-20,2019-12-31,USD,1.92,1.98,15.0,0.29,2.44,1.31,2
2018-12-20,2018-12-31,USD,1.53,1.52,15.0,0.1,1.67,1.3,1
2019-01-17,2018-12-31,USD,1.57,1.57,15.0,0.07,1.69,1.48,1
2019-01-17,2019-12-31,USD,1.74,1.74,15.0,0.36,2.29,1.27,2
2019-02-14,2020-12-31,USD,1.83,1.74,16.0,0.41,2.55,1.23,2
2019-02-14,2019-12-31,USD,1.68,1.53,16.0,0.34,2.39,1.28,1
2019-03-14,2019-12-31,USD,1.65,1.5,16.0,0.36,2.39,1.24,1
2019-03-14,2020-12-31,USD,1.81,1.74,16.0,0.41,2.55,1.23,2
2019-04-18,2019-12-31,USD,1.78,1.78,16.0,0.24,2.39,1.47,1
2019-04-18,2020-12-31,USD,1.87,1.82,16.0,0.33,2.55,1.33,2
2019-05-16,2020-12-31,USD,1.86,1.82,16.0,0.33,2.54,1.32,2
2019-05-16,2019-12-31,USD,1.8,1.77,16.0,0.21,2.39,1.51,1
2019-06-20,2019-12-31,USD,1.75,1.74,16.0,0.16,2.05,1.51,1
2019-06-20,2020-12-31,USD,1.83,1.77,16.0,0.32,2.54,1.32,2
2019-07-18,2020-12-31,USD,1.8,1.69,15.0,0.35,2.54,1.32,2
2019-07-18,2019-12-31,USD,1.64,1.59,15.0,0.25,2.05,1.17,1
2019-08-15,2019-12-31,USD,1.42,1.35,15.0,0.22,2.05,1.22,1
2019-08-15,2020-12-31,USD,1.7,1.62,14.0,0.41,2.57,1.29,2
2019-09-19,2020-12-31,USD,1.66,1.56,14.0,0.43,2.57,1.17,2
2019-09-19,2019-12-31,USD,1.39,1.32,15.0,0.24,2.05,1.17,1
2019-10-17,2019-12-31,USD,1.28,1.21,14.0,0.19,1.79,1.1,1
2019-10-17,2020-12-31,USD,1.58,1.52,14.0,0.36,2.54,1.17,2
2019-11-14,2020-12-31,USD,1.46,1.46,13.0,0.26,2.06,1.11,2
2019-11-14,2019-12-31,USD,1.22,1.17,14.0,0.18,1.79,1.07,1
2019-12-19,2020-12-31,USD,1.41,1.36,14.0,0.21,1.83,1.12,2
2019-12-19,2019-12-31,USD,1.17,1.17,14.0,0.09,1.33,0.99,1
2020-01-16,2020-12-31,USD,1.47,1.49,14.0,0.19,1.81,1.19,2
2020-01-16,2019-12-31,USD,1.15,1.15,14.0,0.07,1.26,0.98,1
2020-02-20,2021-12-31,USD,1.31,1.24,15.0,0.34,2.06,0.93,2
2020-02-20,2020-12-31,USD,1.42,1.38,14.0,0.22,2.06,1.15,1
2020-03-19,2020-12-31,USD,0.82,0.76,14.0,0.4,1.56,0.24,1
2020-03-19,2021-12-31,USD,0.82,0.77,14.0,0.44,1.85,0.32,2
2020-04-16,2021-12-31,USD,0.6,0.54,13.0,0.33,1.17,0.22,2
2020-04-16,2020-12-31,USD,0.55,0.55,14.0,0.26,1.15,0.24,1
2020-05-14,2021-12-31,USD,0.55,0.43,13.0,0.29,1.17,0.22,2
2020-05-14,2020-12-31,USD,0.48,0.44,14.0,0.29,1.15,0.08,1
2020-06-18,2021-12-31,USD,0.57,0.56,14.0,0.3,1.17,0.04,2
2020-06-18,2020-12-31,USD,0.5,0.54,15.0,0.3,1.15,0.08,1
2020-07-16,2020-12-31,USD,0.56,0.53,14.0,0.2,1.15,0.31,1
2020-07-16,2021-12-31,USD,0.71,0.72,14.0,0.28,1.17,0.04,2
2020-08-20,2020-12-31,USD,0.5,0.53,13.0,0.11,0.63,0.31,1
2020-08-20,2021-12-31,USD,0.74,0.66,13.0,0.19,1.13,0.5,2
2020-09-17,2020-12-31,USD,0.51,0.52,14.0,0.1,0.63,0.31,1
2020-09-17,2021-12-31,USD,0.7,0.66,14.0,0.22,1.13,0.3,2
2020-10-15,2020-12-31,USD,0.51,0.53,13.0,0.09,0.65,0.32,1
2020-10-15,2021-12-31,USD,0.67,0.65,14.0,0.22,1.13,0.3,2
2020-11-19,2020-12-31,USD,0.55,0.51,13.0,0.21,1.23,0.38,1
2020-11-19,2021-12-31,USD,0.67,0.65,14.0,0.24,1.23,0.3,2
2020-12-17,2020-12-31,USD,0.55,0.48,13.0,0.23,1.28,0.38,1
2020-12-17,2021-12-31,USD,0.71,0.66,14.0,0.23,1.23,0.43,2
2021-01-14,2020-12-31,USD,0.57,0.51,13.0,0.23,1.31,0.38,1
2021-01-14,2021-12-31,USD,0.77,0.68,14.0,0.32,1.56,0.43,2
2021-02-18,2021-12-31,USD,0.96,0.94,14.0,0.41,1.58,0.3,1
2021-02-18,2022-12-31,USD,0.99,0.99,14.0,0.32,1.66,0.3,2
2021-03-18,2021-12-31,USD,1.2,1.2,13.0,0.39,1.8,0.58,1
2021-03-18,2022-12-31,USD,1.14,1.03,13.0,0.4,1.86,0.51,2
2021-04-15,2021-12-31,USD,1.24,1.24,13.0,0.39,1.78,0.58,1
2021-04-15,2022-12-31,USD,1.17,1.16,13.0,0.4,1.86,0.51,2
2021-05-20,2022-12-31,USD,1.2,1.15,14.0,0.41,2.03,0.48,2
2021-05-20,2021-12-31,USD,1.29,1.3,14.0,0.36,1.78,0.46,1
2021-06-17,2021-12-31,USD,1.32,1.32,14.0,0.42,2.15,0.46,1
2021-06-17,2022-12-31,USD,1.25,1.19,14.0,0.5,2.37,0.48,2
2021-07-15,2022-12-31,USD,1.43,1.36,15.0,0.35,2.26,0.98,2
2021-07-15,2021-12-31,USD,1.42,1.42,15.0,0.29,1.95,0.82,1
2021-08-19,2022-12-31,USD,1.36,1.27,14.0,0.32,1.98,0.84,2
2021-08-19,2021-12-31,USD,1.17,1.17,14.0,0.24,1.56,0.79,1
2021-09-16,2021-12-31,USD,1.16,1.16,13.0,0.2,1.63,0.79,1
2021-09-16,2022-12-31,USD,1.39,1.31,13.0,0.3,1.96,0.84,2
2021-10-14,2022-12-31,USD,1.52,1.47,12.0,0.33,1.98,0.84,2
2021-10-14,2021-12-31,USD,1.21,1.23,12.0,0.24,1.76,0.79,1
2021-11-18,2021-12-31,USD,1.26,1.28,13.0,0.14,1.48,1.05,1
2021-11-18,2022-12-31,USD,1.86,1.79,13.0,0.39,2.55,1.37,2
2021-12-16,2021-12-31,USD,1.31,1.3,14.0,0.19,1.79,1.1,1
2021-12-16,2022-12-31,USD,2.02,1.93,14.0,0.5,3.36,1.42,2
2022-01-20,2021-12-31,USD,1.39,1.41,14.0,0.21,1.68,1.1,1
2022-01-20,2022-12-31,USD,2.02,1.97,14.0,0.32,2.55,1.55,2
2022-02-17,2022-12-31,USD,2.35,2.25,15.0,0.52,3.24,1.63,1
2022-02-17,2023-12-31,USD,1.72,1.83,15.0,0.35,2.16,1.03,2
2022-03-17,2023-12-31,USD,2.01,1.93,15.0,0.58,3.34,1.15,2
2022-03-17,2022-12-31,USD,2.79,2.71,15.0,0.8,4.33,1.65,1
2022-04-14,2022-12-31,USD,3.07,3.15,14.0,0.69,4.33,1.65,1
2022-04-14,2023-12-31,USD,2.24,2.12,14.0,0.63,3.34,1.38,2
2022-05-19,2023-12-31,USD,2.54,2.52,14.0,0.67,3.54,1.38,2
2022-05-19,2022-12-31,USD,3.24,3.38,14.0,0.55,3.88,2.07,1
2022-06-16,2022-12-31,USD,3.21,3.24,15.0,0.57,4.32,2.08,1
2022-06-16,2023-12-31,USD,2.58,2.43,15.0,0.69,3.9,1.38,2
2022-07-14,2022-12-31,USD,3.41,3.5,15.0,0.57,4.32,2.01,1
2022-07-14,2023-12-31,USD,2.89,3.03,15.0,0.63,3.9,1.6,2
2022-08-18,2023-12-31,USD,2.92,2.89,14.0,0.39,3.47,2.29,2
2022-08-18,2022-12-31,USD,3.37,3.37,14.0,0.36,3.92,2.82,1
2022-09-15,2023-12-31,USD,3.11,2.93,15.0,0.45,3.86,2.46,2
2022-09-15,2022-12-31,USD,3.45,3.28,15.0,0.49,4.28,2.69,1
2022-10-20,2022-12-31,USD,3.66,3.63,15.0,0.56,4.71,2.53,1
2022-10-20,2023-12-31,USD,3.3,3.23,15.0,0.46,4.28,2.59,2
2022-11-17,2023-12-31,USD,3.48,3.37,15.0,0.65,5.18,2.78,2
2022-11-17,2022-12-31,USD,3.81,3.78,15.0,0.59,4.8,2.53,1
2022-12-15,2022-12-31,USD,3.62,3.55,17.0,0.62,4.8,2.22,1
2022-12-15,2023-12-31,USD,3.07,2.85,17.0,0.68,5.18,2.36,2
2023-01-19,2023-12-31,USD,2.89,2.64,16.0,0.77,5.18,2.19,2
2023-01-19,2022-12-31,USD,3.68,3.68,16.0,0.63,4.8,2.22,1
2023-02-16,2023-12-31,USD,2.51,2.18,16.0,0.99,5.32,1.48,2
2023-02-16,2022-12-31,USD,3.55,3.57,16.0,0.58,4.77,2.66,1
2023-03-16,2024-12-31,USD,2.39,2.04,16.0,1.06,5.56,1.31,2
2023-03-16,2023-12-31,USD,2.38,2.12,16.0,0.95,5.32,1.57,1
2023-04-20,2024-12-31,USD,2.13,1.87,16.0,0.69,3.93,1.31,2
2023-04-20,2023-12-31,USD,2.09,1.94,16.0,0.61,3.66,1.46,1
2023-05-18,2024-12-31,USD,2.15,1.9,16.0,0.71,3.93,1.29,2
2023-05-18,2023-12-31,USD,2.07,2.0,15.0,0.54,3.66,1.44,1
2023-06-15,2024-12-31,USD,2.1,1.83,15.0,0.73,3.93,1.29,2
2023-06-15,2023-12-31,USD,2.06,2.0,15.0,0.56,3.66,1.41,1
2023-07-20,2024-12-31,USD,1.89,1.77,15.0,0.66,3.93,1.35,2
2023-07-20,2023-12-31,USD,1.92,1.82,15.0,0.56,3.66,1.11,1
2023-08-17,2024-12-31,USD,1.94,1.79,15.0,0.63,3.93,1.39,2
2023-08-17,2023-12-31,USD,1.97,1.88,15.0,0.54,3.66,1.41,1
2023-09-14,2023-12-31,USD,1.92,1.77,15.0,0.54,3.66,1.43,1
2023-09-14,2024-12-31,USD,1.94,1.74,15.0,0.65,3.93,1.27,2
2023-10-19,2023-12-31,USD,1.79,1.71,14.0,0.28,2.6,1.49,1
2023-10-19,2024-12-31,USD,1.9,1.82,14.0,0.4,2.61,1.31,2
2023-11-16,2024-12-31,USD,1.81,1.75,14.0,0.37,2.61,1.3,2
2023-11-16,2023-12-31,USD,1.75,1.69,14.0,0.28,2.6,1.49,1
2023-12-14,2024-12-31,USD,1.64,1.57,14.0,0.45,2.57,0.77,2
2023-12-14,2023-12-31,USD,1.72,1.68,14.0,0.28,2.52,1.43,1
2024-01-18,2023-12-31,USD,1.74,1.67,13.0,0.28,2.51,1.46,1
2024-01-18,2024-12-31,USD,1.61,1.47,13.0,0.35,2.45,1.15,2
2024-02-15,2024-12-31,USD,1.31,1.28,11.0,0.18,1.57,1.04,2
2024-02-15,2023-12-31,USD,1.62,1.64,11.0,0.11,1.78,1.4,1
2024-03-14,2025-12-31,USD,1.25,1.19,13.0,0.35,1.96,0.86,2
2024-03-14,2024-12-31,USD,1.4,1.38,13.0,0.29,2.2,0.97,1
2024-04-18,2025-12-31,USD,1.29,1.28,13.0,0.35,1.96,0.83,2
2024-04-18,2024-12-31,USD,1.44,1.42,13.0,0.31,2.2,0.98,1
2024-05-16,2025-12-31,USD,1.29,1.29,13.0,0.3,1.96,0.84,2
2024-05-16,2024-12-31,USD,1.39,1.39,13.0,0.3,2.2,1.01,1
2024-06-20,2024-12-31,USD,1.37,1.37,13.0,0.31,2.2,1.0,1
2024-06-20,2025-12-31,USD,1.29,1.29,13.0,0.29,1.96,0.84,2
2024-07-18,2024-12-31,USD,1.39,1.34,13.0,0.29,2.2,1.03,1
2024-07-18,2025-12-31,USD,1.31,1.29,13.0,0.27,1.96,0.88,2
2024-08-15,2024-12-31,USD,1.48,1.42,13.0,0.37,2.2,1.0,1
2024-08-15,2025-12-31,USD,1.28,1.26,13.0,0.26,1.96,0.81,2
2024-09-19,2025-12-31,USD,1.17,1.21,12.0,0.16,1.4,0.89,2
2024-09-19,2024-12-31,USD,1.66,1.62,13.0,0.16,1.97,1.42,1
2024-10-17,2024-12-31,USD,1.67,1.67,13.0,0.17,1.89,1.41,1
2024-10-17,2025-12-31,USD,1.17,1.11,12.0,0.25,1.72,0.8,2
2024-11-14,2025-12-31,USD,1.17,1.11,12.0,0.24,1.72,0.8,2
2024-11-14,2024-12-31,USD,1.67,1.67,13.0,0.17,1.89,1.41,1
2024-12-19,2025-12-31,USD,1.1,1.08,12.0,0.27,1.61,0.59,2
2024-12-19,2024-12-31,USD,1.66,1.65,13.0,0.17,1.89,1.41,1
2025-01-16,2025-12-31,USD,1.09,1.06,13.0,0.26,1.61,0.59,2
2025-01-16,2024-12-31,USD,1.66,1.65,13.0,0.16,1.89,1.39,1
2025-02-20,2024-12-31,USD,1.52,1.5,13.0,0.1,1.74,1.33,1
2025-02-20,2025-12-31,USD,1.23,1.12,13.0,0.44,2.49,0.91,2
2025-03-20,2026-12-31,USD,0.84,0.82,12.0,0.35,1.69,0.32,2
2025-03-20,2025-12-31,USD,1.1,1.1,12.0,0.23,1.69,0.78,1
2025-04-17,2025-12-31,USD,1.03,1.07,12.0,0.2,1.38,0.7,1
2025-04-17,2026-12-31,USD,0.74,0.75,12.0,0.27,1.34,0.41,2
2025-05-15,2026-12-31,USD,0.63,0.63,11.0,0.21,1.03,0.41,2
2025-05-15,2025-12-31,USD,0.98,0.97,12.0,0.21,1.28,0.57,1
2025-06-19,2025-12-31,USD,0.96,0.97,11.0,0.2,1.28,0.59,1
2025-06-19,2026-12-31,USD,0.59,0.59,10.0,0.18,0.99,0.41,2
2025-07-17,2026-12-31,USD,0.62,0.65,11.0,0.17,0.83,0.32,2
2025-07-17,2025-12-31,USD,1.0,1.02,12.0,0.19,1.32,0.61,1
2025-08-14,2025-12-31,USD,1.15,1.11,13.0,0.15,1.46,0.93,1
2025-08-14,2026-12-31,USD,0.71,0.74,12.0,0.14,0.86,0.43,2
2025-09-18,2025-12-31,USD,1.15,1.15,13.0,0.12,1.38,0.95,1
2025-09-18,2026-12-31,USD,0.8,0.8,13.0,0.25,1.46,0.44,2
2025-10-16,2026-12-31,USD,0.76,0.76,13.0,0.26,1.46,0.4,2
2025-10-16,2025-12-31,USD,1.15,1.14,13.0,0.1,1.32,0.98,1
2025-11-20,2025-12-31,USD,1.19,1.21,13.0,0.09,1.31,1.01,1
2025-11-20,2026-12-31,USD,0.79,0.74,13.0,0.22,1.22,0.47,2
2025-12-18,2026-12-31,USD,0.79,0.74,13.0,0.23,1.22,0.47,2
2025-12-18,2025-12-31,USD,1.19,1.18,13.0,0.08,1.31,1.01,1
2026-01-15,2025-12-31,USD,1.19,1.19,13.0,0.09,1.33,1.01,1
2026-01-15,2026-12-31,USD,0.73,0.7,13.0,0.24,1.22,0.44,2
2026-02-19,2025-12-31,USD,1.34,1.32,12.0,0.12,1.57,1.13,1
2026-02-19,2026-12-31,USD,0.73,0.68,12.0,0.26,1.42,0.44,2
